Merged_ID,Date of Experiment_Day_1,Date_Imaged,MouseID,Cohort,Genotype,Sex,"Plate (P1, P2, etc.)","Section (A,B,C,D,E,F)",Stitch.tif found? ,Comments,Category,Unnamed: 12,Area,Mean,Min,Max,IntDen,RawIntDen,Mean_Background_Avg,Corrected_Mean,CTCF
7.20.23_8.4.23_P1_A,7.20.23,8.4.23,847,Two,WT,Male,P1,A,True,,Striatum_1,1,1319590.0,19.221,0,225,25363390.0,25363390,8.22275,10.99825,14512731.3275
7.20.23_8.4.23_P1_A,7.20.23,8.4.23,847,Two,WT,Male,P1,A,,,Background_1,2,75472.0,8.635,0,66,651673.0,651673,8.22275,,
7.20.23_8.4.23_P1_A,7.20.23,8.4.23,847,Two,WT,Male,P1,A,,,Background_2,3,75472.0,8.667,0,89,654100.0,654100,8.22275,,
7.20.23_8.4.23_P1_A,7.20.23,8.4.23,847,Two,WT,Male,P1,A,,,Background_3,4,75472.0,8.313,0,99,627369.0,627369,8.22275,,
7.20.23_8.4.23_P1_A,7.20.23,8.4.23,847,Two,WT,Male,P1,A,,,Background_4,5,75472.0,7.276,0,106,549153.0,549153,8.22275,,
7.20.23_8.4.23_P1_B,7.20.23,8.4.23,847,Two,WT,Male,P1,B,True,,Striatum_1,1,885918.0,15.888,0,255,14075802.0,14075802,7.8317499999999995,8.05625,7137513.703500001
7.20.23_8.4.23_P1_B,7.20.23,8.4.23,847,Two,WT,Male,P1,B,,,Striatum_2,2,1016460.0,17.847,0,196,18140687.0,18140687,7.8317499999999995,10.015250000000002,10180026.395
7.20.23_8.4.23_P1_B,7.20.23,8.4.23,847,Two,WT,Male,P1,B,,,Background_1,3,94778.0,8.04,0,100,762029.0,762029,7.8317499999999995,,
7.20.23_8.4.23_P1_B,7.20.23,8.4.23,847,Two,WT,Male,P1,B,,,Background_2,4,94778.0,7.068,0,94,669848.0,669848,7.8317499999999995,,
7.20.23_8.4.23_P1_B,7.20.23,8.4.23,847,Two,WT,Male,P1,B,,,Background_3,5,94778.0,8.346,0,87,791028.0,791028,7.8317499999999995,,
7.20.23_8.4.23_P1_B,7.20.23,8.4.23,847,Two,WT,Male,P1,B,,,Background_4,6,94778.0,7.873,0,97,746211.0,746211,7.8317499999999995,,
7.20.23_8.7.23_P1_C,7.20.23,8.7.23,891,Three,HET,Male,P1,C,True,,Striatum_1,1,1569147.0,31.305,0,255,49122313.0,49122313,11.32325,19.981749999999998,31354469.23225
7.20.23_8.7.23_P1_C,7.20.23,8.7.23,891,Three,HET,Male,P1,C,,,Striatum_2,2,1358334.0,31.748,0,255,43124483.0,43124483,11.32325,20.424750000000003,27743727.534500003
7.20.23_8.7.23_P1_C,7.20.23,8.7.23,891,Three,HET,Male,P1,C,,,Background_1,3,95132.0,10.942,0,119,1040957.0,1040957,11.32325,,
7.20.23_8.7.23_P1_C,7.20.23,8.7.23,891,Three,HET,Male,P1,C,,,Background_2,4,95132.0,12.442,0,122,1183660.0,1183660,11.32325,,
7.20.23_8.7.23_P1_C,7.20.23,8.7.23,891,Three,HET,Male,P1,C,,,Background_3,5,95132.0,11.076,0,146,1053692.0,1053692,11.32325,,
7.20.23_8.7.23_P1_C,7.20.23,8.7.23,891,Three,HET,Male,P1,C,,,Background_4,6,95132.0,10.833,0,202,1030607.0,1030607,11.32325,,
7.20.23_8.7.23_P1_D,7.20.23,8.7.23,891,Three,HET,Male,P1,D,True,,Striatum_1,1,820221.0,44.216,0,255,36267035.0,36267035,21.06225,23.153750000000002,18991335.24275
7.20.23_8.7.23_P1_D,7.20.23,8.7.23,891,Three,HET,Male,P1,D,,,Striatum_2,2,805791.0,41.0,0,255,33037119.0,33037119,21.06225,19.93775,16065347.510250002
7.20.23_8.7.23_P1_D,7.20.23,8.7.23,891,Three,HET,Male,P1,D,,,Background_1,3,90260.0,22.882,0,255,2065311.0,2065311,21.06225,,
7.20.23_8.7.23_P1_D,7.20.23,8.7.23,891,Three,HET,Male,P1,D,,,Background_2,4,90260.0,19.706,0,108,1778649.0,1778649,21.06225,,
7.20.23_8.7.23_P1_D,7.20.23,8.7.23,891,Three,HET,Male,P1,D,,,Background_3,5,90260.0,19.903,0,108,1796459.0,1796459,21.06225,,
7.20.23_8.7.23_P1_D,7.20.23,8.7.23,891,Three,HET,Male,P1,D,,,Background_4,6,90260.0,21.758,0,168,1963838.0,1963838,21.06225,,
7.20.23_8.7.23_P1_E,7.20.23,8.7.23,853,Two,MUT,Male,P1,E,True,,Striatum_1,1,669843.0,43.768,0,255,29317357.0,29317357,21.967750000000002,21.80025,14602413.436749998
7.20.23_8.7.23_P1_E,7.20.23,8.7.23,853,Two,MUT,Male,P1,E,,,Striatum_2,2,1094304.0,46.045,0,255,50387389.0,50387389,21.967750000000002,24.07725,26347992.303999998
7.20.23_8.7.23_P1_E,7.20.23,8.7.23,853,Two,MUT,Male,P1,E,,,Background_1,3,128836.0,21.762,0,255,2803788.0,2803788,21.967750000000002,,
7.20.23_8.7.23_P1_E,7.20.23,8.7.23,853,Two,MUT,Male,P1,E,,,Background_2,4,128836.0,22.462,0,128,2893888.0,2893888,21.967750000000002,,
7.20.23_8.7.23_P1_E,7.20.23,8.7.23,853,Two,MUT,Male,P1,E,,,Background_3,5,128836.0,21.829,0,248,2812407.0,2812407,21.967750000000002,,
7.20.23_8.7.23_P1_E,7.20.23,8.7.23,853,Two,MUT,Male,P1,E,,,Background_4,6,128836.0,21.818,0,128,2810959.0,2810959,21.967750000000002,,
7.20.23_8.11.23_P1_F,7.20.23,8.11.23,853,Two,MUT,Male,P1,F,True,,Striatum_1,1,1179444.0,65.835,0,255,77648111.0,77648111,36.804249999999996,29.030749999999998,34239559.163
7.20.23_8.11.23_P1_F,7.20.23,8.11.23,853,Two,MUT,Male,P1,F,,,Striatum_2,2,1465660.0,69.013,0,255,101150028.0,101150028,36.804249999999996,32.20875000000001,47207510.94500001
7.20.23_8.11.23_P1_F,7.20.23,8.11.23,853,Two,MUT,Male,P1,F,,,Background_1,3,47500.0,40.939,0,255,1944598.0,1944598,36.804249999999996,,
7.20.23_8.11.23_P1_F,7.20.23,8.11.23,853,Two,MUT,Male,P1,F,,,Background_2,4,47500.0,25.991,0,175,1234576.0,1234576,36.804249999999996,,
7.20.23_8.11.23_P1_F,7.20.23,8.11.23,853,Two,MUT,Male,P1,F,,,Background_3,5,47500.0,43.627,0,255,2072304.0,2072304,36.804249999999996,,
7.20.23_8.11.23_P1_F,7.20.23,8.11.23,853,Two,MUT,Male,P1,F,,,Background_4,6,47500.0,36.66,0,255,1741349.0,1741349,36.804249999999996,,
7.20.23_8.11.23_P2_B,7.20.23,8.11.23,847,Two,WT,Male,P2,B,True,,Striatum_1,1,334990.0,59.356,0,255,19883786.0,19883786,23.787,35.569,11915378.870000001
7.20.23_8.11.23_P2_B,7.20.23,8.11.23,847,Two,WT,Male,P2,B,,,Background_1,2,55540.0,24.863,0,255,1380913.0,1380913,23.787,,
7.20.23_8.11.23_P2_B,7.20.23,8.11.23,847,Two,WT,Male,P2,B,,,Background_2,3,55540.0,28.59,0,143,1587913.0,1587913,23.787,,
7.20.23_8.11.23_P2_B,7.20.23,8.11.23,847,Two,WT,Male,P2,B,,,Background_3,4,55540.0,20.063,0,125,1114289.0,1114289,23.787,,
7.20.23_8.11.23_P2_B,7.20.23,8.11.23,847,Two,WT,Male,P2,B,,,Background_4,5,55540.0,21.632,0,248,1201461.0,1201461,23.787,,
7.20.23_8.11.23_P2_C,7.20.23,8.11.23,891,Three,HET,Male,P2,C,True,,Striatum_1,1,1191720.0,50.0,0,255,59585729.0,59585729,15.08225,34.91775,41611910.03
7.20.23_8.11.23_P2_C,7.20.23,8.11.23,891,Three,HET,Male,P2,C,,,Striatum_2,2,1628199.0,42.393,0,255,69023641.0,69023641,15.08225,27.31075,44466736.632249996
7.20.23_8.11.23_P2_C,7.20.23,8.11.23,891,Three,HET,Male,P2,C,,,Background_1,3,108676.0,12.757,0,113,1386393.0,1386393,15.08225,,
7.20.23_8.11.23_P2_C,7.20.23,8.11.23,891,Three,HET,Male,P2,C,,,Background_2,4,108676.0,14.79,0,161,1607364.0,1607364,15.08225,,
7.20.23_8.11.23_P2_C,7.20.23,8.11.23,891,Three,HET,Male,P2,C,,,Background_3,5,108676.0,15.188,0,200,1650561.0,1650561,15.08225,,
7.20.23_8.11.23_P2_C,7.20.23,8.11.23,891,Three,HET,Male,P2,C,,,Background_4,6,108676.0,17.594,0,176,1912095.0,1912095,15.08225,,
7.20.23_8.11.23_P2_D,7.20.23,8.11.23,891,Three,HET,Male,P2,D,True,,Striatum_1,1,614619.0,49.795,0,255,30604650.0,30604650,15.01875,34.776250000000005,21373840.893749997
7.20.23_8.11.23_P2_D,7.20.23,8.11.23,891,Three,HET,Male,P2,D,,,Striatum_2,2,631317.0,43.741,0,255,27614526.0,27614526,15.01875,28.72225,18132933.80625
7.20.23_8.11.23_P2_D,7.20.23,8.11.23,891,Three,HET,Male,P2,D,,,Background_1,3,80920.0,14.07,0,89,1138517.0,1138517,15.01875,,
7.20.23_8.11.23_P2_D,7.20.23,8.11.23,891,Three,HET,Male,P2,D,,,Background_2,4,80920.0,16.936,0,143,1370438.0,1370438,15.01875,,
7.20.23_8.11.23_P2_D,7.20.23,8.11.23,891,Three,HET,Male,P2,D,,,Background_3,5,80920.0,14.202,0,89,1149199.0,1149199,15.01875,,
7.20.23_8.11.23_P2_D,7.20.23,8.11.23,891,Three,HET,Male,P2,D,,,Background_4,6,80920.0,14.867,0,124,1203073.0,1203073,15.01875,,
7.20.23_8.11.23_P2_E,7.20.23,8.11.23,853,Two,MUT,Male,P2,E,True,traced around stripes,Striatum_1,1,846970.0,151.075,0,255,127955641.0,127955641,53.224000000000004,97.85099999999998,82876509.72
7.20.23_8.11.23_P2_E,7.20.23,8.11.23,853,Two,MUT,Male,P2,E,,traced around stripes,Striatum_2,2,1202880.0,162.335,0,255,195269303.0,195269303,53.224000000000004,109.111,131247217.88
7.20.23_8.11.23_P2_E,7.20.23,8.11.23,853,Two,MUT,Male,P2,E,,,Background_1,3,60700.0,48.808,0,226,2962649.0,2962649,53.224000000000004,,
7.20.23_8.11.23_P2_E,7.20.23,8.11.23,853,Two,MUT,Male,P2,E,,,Background_2,4,60700.0,54.618,0,255,3315327.0,3315327,53.224000000000004,,
7.20.23_8.11.23_P2_E,7.20.23,8.11.23,853,Two,MUT,Male,P2,E,,,Background_3,5,60700.0,50.804,1,255,3083773.0,3083773,53.224000000000004,,
7.20.23_8.11.23_P2_E,7.20.23,8.11.23,853,Two,MUT,Male,P2,E,,,Background_4,6,60700.0,58.666,0,255,3560996.0,3560996,53.224000000000004,,
7.20.23_8.11.23_P2_F,7.20.23,8.11.23,853,Two,MUT,Male,P2,F,True,,Striatum_1,1,1238478.0,165.914,0,255,205480528.0,205480528,76.69800000000001,89.21599999999998,110491742.35599999
7.20.23_8.11.23_P2_F,7.20.23,8.11.23,853,Two,MUT,Male,P2,F,,traced around stripes,Striatum_2,2,908856.0,156.15,0,255,141917884.0,141917884,76.69800000000001,79.452,72210446.512
7.20.23_8.11.23_P2_F,7.20.23,8.11.23,853,Two,MUT,Male,P2,F,,,Background_1,3,103500.0,82.229,0,255,8510738.0,8510738,76.69800000000001,,
7.20.23_8.11.23_P2_F,7.20.23,8.11.23,853,Two,MUT,Male,P2,F,,,Background_2,4,103500.0,73.793,0,255,7637604.0,7637604,76.69800000000001,,
7.20.23_8.11.23_P2_F,7.20.23,8.11.23,853,Two,MUT,Male,P2,F,,,Background_3,5,103500.0,80.761,1,255,8358756.0,8358756,76.69800000000001,,
7.20.23_8.11.23_P2_F,7.20.23,8.11.23,853,Two,MUT,Male,P2,F,,,Background_4,6,103500.0,70.009,0,255,7245962.0,7245962,76.69800000000001,,
7.24.23_8.16.23_P1_A,7.24.23,8.16.23,582,One,HET,Male,P1,A,True,,Striatum_1,1,1352178.0,132.224,0,255,178790732.0,178790732,51.214749999999995,81.00925,109539273.77450001
7.24.23_8.16.23_P1_A,7.24.23,8.16.23,582,One,HET,Male,P1,A,,,Striatum_2,2,1002216.0,137.91,0,255,138215796.0,138215796,51.214749999999995,86.69525,86887554.11400001
7.24.23_8.16.23_P1_A,7.24.23,8.16.23,582,One,HET,Male,P1,A,,,Background_1,3,106916.0,50.897,0,198,5441666.0,5441666,51.214749999999995,,
7.24.23_8.16.23_P1_A,7.24.23,8.16.23,582,One,HET,Male,P1,A,,,Background_2,4,106916.0,53.894,0,232,5762119.0,5762119,51.214749999999995,,
7.24.23_8.16.23_P1_A,7.24.23,8.16.23,582,One,HET,Male,P1,A,,,Background_3,5,106916.0,55.348,0,255,5917612.0,5917612,51.214749999999995,,
7.24.23_8.16.23_P1_A,7.24.23,8.16.23,582,One,HET,Male,P1,A,,,Background_4,6,106916.0,44.72,0,255,4781330.0,4781330,51.214749999999995,,
7.24.23_8.16.23_P1_B,7.24.23,8.16.23,582,One,HET,Male,P1,B,True,,Striatum_1,1,297972.0,77.519,0,255,23098528.0,23098528,42.96425,34.554750000000006,10296384.499
7.24.23_8.16.23_P1_B,7.24.23,8.16.23,582,One,HET,Male,P1,B,,traced around bubbles,Striatum_2,2,264930.0,65.5,0,255,17352825.0,17352825,42.96425,22.53575,5970306.2475000005
7.24.23_8.16.23_P1_B,7.24.23,8.16.23,582,One,HET,Male,P1,B,,,Background_1,3,88660.0,37.08,0,177,3287542.0,3287542,42.96425,,
7.24.23_8.16.23_P1_B,7.24.23,8.16.23,582,One,HET,Male,P1,B,,,Background_2,4,88660.0,34.821,0,165,3087208.0,3087208,42.96425,,
7.24.23_8.16.23_P1_B,7.24.23,8.16.23,582,One,HET,Male,P1,B,,,Background_3,5,88660.0,50.681,0,248,4493370.0,4493370,42.96425,,
7.24.23_8.16.23_P1_B,7.24.23,8.16.23,582,One,HET,Male,P1,B,,,Background_4,6,88660.0,49.275,2,255,4368743.0,4368743,42.96425,,
7.24.23_8.16.23_P1_C,7.24.23,8.16.23,717,One,MUT,Female,P1,C,True,,Striatum_1,1,1328136.0,145.26,0,255,192924372.0,192924372,51.6515,93.60849999999999,124324155.396
7.24.23_8.16.23_P1_C,7.24.23,8.16.23,717,One,MUT,Female,P1,C,,,Striatum_2,2,1164180.0,126.301,0,255,147036830.0,147036830,51.6515,74.6495,86905186.73
7.24.23_8.16.23_P1_C,7.24.23,8.16.23,717,One,MUT,Female,P1,C,,,Background_1,3,72116.0,51.095,0,231,3684744.0,3684744,51.6515,,
7.24.23_8.16.23_P1_C,7.24.23,8.16.23,717,One,MUT,Female,P1,C,,,Background_2,4,72116.0,49.367,0,255,3560129.0,3560129,51.6515,,
7.24.23_8.16.23_P1_C,7.24.23,8.16.23,717,One,MUT,Female,P1,C,,,Background_3,5,72116.0,52.304,0,255,3771988.0,3771988,51.6515,,
7.24.23_8.16.23_P1_C,7.24.23,8.16.23,717,One,MUT,Female,P1,C,,,Background_4,6,72116.0,53.84,0,255,3882761.0,3882761,51.6515,,
7.24.23_8.18.23_P2_A,7.24.23,8.18.23,582,One,HET,Male,P2,A,True,,Striatum_1,1,590700.0,18.951,0,255,11194442.0,11194442,16.57725,2.373750000000001,1402260.4250000007
7.24.23_8.18.23_P2_A,7.24.23,8.18.23,582,One,HET,Male,P2,A,,,Striatum_2,2,821292.0,16.279,0,255,13369677.0,13369677,16.57725,-0.29824999999999946,-245085.80700000003
7.24.23_8.18.23_P2_A,7.24.23,8.18.23,582,One,HET,Male,P2,A,,,Background_1,3,105188.0,27.567,0,170,2899692.0,2899692,16.57725,,
7.24.23_8.18.23_P2_A,7.24.23,8.18.23,582,One,HET,Male,P2,A,,,Background_2,4,105188.0,12.423,0,112,1306789.0,1306789,16.57725,,
7.24.23_8.18.23_P2_A,7.24.23,8.18.23,582,One,HET,Male,P2,A,,,Background_3,5,105188.0,12.672,0,83,1332979.0,1332979,16.57725,,
7.24.23_8.18.23_P2_A,7.24.23,8.18.23,582,One,HET,Male,P2,A,,,Background_4,6,105188.0,13.647,0,106,1435515.0,1435515,16.57725,,
7.24.23_8.18.23_P2_B,7.24.23,8.18.23,582,One,HET,Male,P2,B,True,,Striatum_1,1,1108038.0,101.727,0,255,112717742.0,112717742,34.19825,67.52875,74824781.4665
7.24.23_8.18.23_P2_B,7.24.23,8.18.23,582,One,HET,Male,P2,B,,,Striatum_2,2,1152508.0,84.986,0,255,97946680.0,97946680,34.19825,50.78775,58532923.289
7.24.23_8.18.23_P2_B,7.24.23,8.18.23,582,One,HET,Male,P2,B,,,Background_1,3,74924.0,33.156,0,228,2484192.0,2484192,34.19825,,
7.24.23_8.18.23_P2_B,7.24.23,8.18.23,582,One,HET,Male,P2,B,,,Background_2,4,74924.0,32.752,0,247,2453923.0,2453923,34.19825,,
7.24.23_8.18.23_P2_B,7.24.23,8.18.23,582,One,HET,Male,P2,B,,,Background_3,5,74924.0,34.781,0,255,2605921.0,2605921,34.19825,,
7.24.23_8.18.23_P2_B,7.24.23,8.18.23,582,One,HET,Male,P2,B,,,Background_4,6,74924.0,36.104,0,255,2705063.0,2705063,34.19825,,
7.24.23_8.18.23_P2_C,7.24.23,8.18.23,717,One,MUT,Female,P2,C,True,,Striatum_1,1,899787.0,124.218,0,255,111770163.0,111770163,44.91925,79.29875000000001,71352405.80025
7.24.23_8.18.23_P2_C,7.24.23,8.18.23,717,One,MUT,Female,P2,C,,,Striatum_2,2,1076676.0,136.642,0,255,147118888.0,147118888,44.91925,91.72274999999999,98755409.58700001
7.24.23_8.18.23_P2_C,7.24.23,8.18.23,717,One,MUT,Female,P2,C,,,Background_1,3,121284.0,43.31,0,255,5252821.0,5252821,44.91925,,
7.24.23_8.18.23_P2_C,7.24.23,8.18.23,717,One,MUT,Female,P2,C,,,Background_2,4,121284.0,47.917,0,255,5811610.0,5811610,44.91925,,
7.24.23_8.18.23_P2_C,7.24.23,8.18.23,717,One,MUT,Female,P2,C,,,Background_3,5,121284.0,42.038,0,255,5098505.0,5098505,44.91925,,
7.24.23_8.18.23_P2_C,7.24.23,8.18.23,717,One,MUT,Female,P2,C,,,Background_4,6,121284.0,46.412,0,255,5629007.0,5629007,44.91925,,
7.24.23_8.18.23_P2_D,7.24.23,8.18.23,717,One,MUT,Female,P2,D,True,,Striatum_1,1,1212840.0,105.254,0,255,127655938.0,127655938,49.51025,55.743750000000006,67607926.39
7.24.23_8.18.23_P2_D,7.24.23,8.18.23,717,One,MUT,Female,P2,D,,,Striatum_2,2,1270866.0,134.013,0,255,170312469.0,170312469,49.51025,84.50275,107391575.6235
7.24.23_8.18.23_P2_D,7.24.23,8.18.23,717,One,MUT,Female,P2,D,,,Background_1,3,125000.0,50.66,0,207,6332554.0,6332554,49.51025,,
7.24.23_8.18.23_P2_D,7.24.23,8.18.23,717,One,MUT,Female,P2,D,,,Background_2,4,125000.0,51.692,0,213,6461501.0,6461501,49.51025,,
7.24.23_8.18.23_P2_D,7.24.23,8.18.23,717,One,MUT,Female,P2,D,,,Background_3,5,125000.0,46.816,0,204,5851951.0,5851951,49.51025,,
7.24.23_8.18.23_P2_D,7.24.23,8.18.23,717,One,MUT,Female,P2,D,,,Background_4,6,125000.0,48.873,0,255,6109165.0,6109165,49.51025,,
7.24.23_8.18.23_P2_E,7.24.23,8.18.23,838,Two,WT,Female,P2,E,True,,Striatum_1,1,1440909.0,105.702,0,255,152306755.0,152306755,42.091499999999996,63.6105,91656733.8265
7.24.23_8.18.23_P2_E,7.24.23,8.18.23,838,Two,WT,Female,P2,E,,,Striatum_2,2,1286757.0,107.502,0,255,138328629.0,138328629,42.091499999999996,65.4105,84167096.7345
7.24.23_8.18.23_P2_E,7.24.23,8.18.23,838,Two,WT,Female,P2,E,,,Background_1,3,112204.0,43.739,0,255,4907722.0,4907722,42.091499999999996,,
7.24.23_8.18.23_P2_E,7.24.23,8.18.23,838,Two,WT,Female,P2,E,,,Background_2,4,112204.0,44.342,0,232,4975299.0,4975299,42.091499999999996,,
7.24.23_8.18.23_P2_E,7.24.23,8.18.23,838,Two,WT,Female,P2,E,,,Background_3,5,112204.0,36.604,0,255,4107125.0,4107125,42.091499999999996,,
7.24.23_8.18.23_P2_E,7.24.23,8.18.23,838,Two,WT,Female,P2,E,,,Background_4,6,112204.0,43.681,0,255,4901221.0,4901221,42.091499999999996,,
7.24.23_8.18.23_P2_F,7.24.23,8.18.23,838,Two,WT,Female,P2,F,True,,Striatum_1,1,1486910.0,121.03,0,255,179960160.0,179960160,31.25425,89.77575,133487903.1325
7.24.23_8.18.23_P2_F,7.24.23,8.18.23,838,Two,WT,Female,P2,F,,,Background_1,2,98452.0,36.206,0,205,3564551.0,3564551,31.25425,,
7.24.23_8.18.23_P2_F,7.24.23,8.18.23,838,Two,WT,Female,P2,F,,,Background_2,3,98452.0,34.659,0,174,3412242.0,3412242,31.25425,,
7.24.23_8.18.23_P2_F,7.24.23,8.18.23,838,Two,WT,Female,P2,F,,,Background_3,4,98452.0,29.878,0,255,2941595.0,2941595,31.25425,,
7.24.23_8.18.23_P2_F,7.24.23,8.18.23,838,Two,WT,Female,P2,F,,,Background_4,5,98452.0,24.274,0,255,2389784.0,2389784,31.25425,,
7.24.23_8.21.23_P1_D,7.24.23,8.21.23,717,One,MUT,Female,P1,D,True,,Striatum_1,1,785334.0,58.988,0,255,46325197.0,46325197,29.948999999999998,29.039,22805229.034
7.24.23_8.21.23_P1_D,7.24.23,8.21.23,717,One,MUT,Female,P1,D,,,Striatum_2,2,721826.0,56.011,0,255,40430288.0,40430288,29.948999999999998,26.062000000000005,18812321.126000002
7.24.23_8.21.23_P1_D,7.24.23,8.21.23,717,One,MUT,Female,P1,D,,,Background_1,3,78432.0,36.471,0,255,2860470.0,2860470,29.948999999999998,,
7.24.23_8.21.23_P1_D,7.24.23,8.21.23,717,One,MUT,Female,P1,D,,,Background_2,4,78432.0,29.561,0,165,2318529.0,2318529,29.948999999999998,,
7.24.23_8.21.23_P1_D,7.24.23,8.21.23,717,One,MUT,Female,P1,D,,,Background_3,5,78432.0,28.607,0,129,2243691.0,2243691,29.948999999999998,,
7.24.23_8.21.23_P1_D,7.24.23,8.21.23,717,One,MUT,Female,P1,D,,,Background_4,6,78432.0,25.157,0,255,1973153.0,1973153,29.948999999999998,,
7.24.23_8.21.23_P1_E,7.24.23,8.21.23,838,Two,WT,Female,P1,E,True,uneven hemispheres,Striatum_1,1,386862.0,170.006,0,255,65769027.0,65769027,46.3105,123.69550000000001,47853254.349
7.24.23_8.21.23_P1_E,7.24.23,8.21.23,838,Two,WT,Female,P1,E,,really ugly,Striatum_2,2,627036.0,163.434,0,255,102479039.0,102479039,46.3105,117.1235,73440688.322
7.24.23_8.21.23_P1_E,7.24.23,8.21.23,838,Two,WT,Female,P1,E,,also folded,Background_1,3,105208.0,41.247,0,255,4339529.0,4339529,46.3105,,
7.24.23_8.21.23_P1_E,7.24.23,8.21.23,838,Two,WT,Female,P1,E,,,Background_2,4,105208.0,57.078,0,255,6005093.0,6005093,46.3105,,
7.24.23_8.21.23_P1_E,7.24.23,8.21.23,838,Two,WT,Female,P1,E,,,Background_3,5,105208.0,52.349,0,255,5507527.0,5507527,46.3105,,
7.24.23_8.21.23_P1_E,7.24.23,8.21.23,838,Two,WT,Female,P1,E,,,Background_4,6,105208.0,34.568,0,255,3636825.0,3636825,46.3105,,
7.24.23_8.21.23_P1_F,7.24.23,8.21.23,838,Two,WT,Female,P1,F,True,uneven hemispheres,Striatum_1,1,1477248.0,167.04,0,255,246759126.0,246759126,58.99625,108.04374999999999,159607033.68
7.24.23_8.21.23_P1_F,7.24.23,8.21.23,838,Two,WT,Female,P1,F,,,Striatum_2,2,1219794.0,175.961,0,255,214636384.0,214636384,58.99625,116.96475000000001,142673112.2275
7.24.23_8.21.23_P1_F,7.24.23,8.21.23,838,Two,WT,Female,P1,F,,,Background_1,3,117636.0,56.285,0,255,6621186.0,6621186,58.99625,,
7.24.23_8.21.23_P1_F,7.24.23,8.21.23,838,Two,WT,Female,P1,F,,,Background_2,4,117636.0,56.743,0,255,6675025.0,6675025,58.99625,,
7.24.23_8.21.23_P1_F,7.24.23,8.21.23,838,Two,WT,Female,P1,F,,,Background_3,5,117636.0,61.911,0,255,7283003.0,7283003,58.99625,,
7.24.23_8.21.23_P1_F,7.24.23,8.21.23,838,Two,WT,Female,P1,F,,,Background_4,6,117636.0,61.046,3,255,7181183.0,7181183,58.99625,,
7.27.23_8.21.23_P1_A,7.27.23,8.21.23,891,Three,HET,Male,P1,A,True,,Striatum_1,1,1363887.0,141.283,0,255,192694449.0,192694449,71.03375,70.24924999999999,95812440.81375
7.27.23_8.21.23_P1_A,7.27.23,8.21.23,891,Three,HET,Male,P1,A,,,Striatum_2,2,1643196.0,136.569,0,255,224410253.0,224410253,71.03375,65.53524999999999,107687879.135
7.27.23_8.21.23_P1_A,7.27.23,8.21.23,891,Three,HET,Male,P1,A,,,Background_1,3,156948.0,68.783,0,255,10795321.0,10795321,71.03375,,
7.27.23_8.21.23_P1_A,7.27.23,8.21.23,891,Three,HET,Male,P1,A,,,Background_2,4,156948.0,76.019,0,255,11931054.0,11931054,71.03375,,
7.27.23_8.21.23_P1_A,7.27.23,8.21.23,891,Three,HET,Male,P1,A,,,Background_3,5,156948.0,73.745,0,255,11574134.0,11574134,71.03375,,
7.27.23_8.21.23_P1_A,7.27.23,8.21.23,891,Three,HET,Male,P1,A,,,Background_4,6,156948.0,65.588,0,255,10293918.0,10293918,71.03375,,
7.27.23_8.21.23_P1_B,7.27.23,8.21.23,891,Three,HET,Male,P1,B,True,,Striatum_1,1,1284788.0,128.402,0,255,164969020.0,164969020,61.924,66.47799999999998,85409807.888
7.27.23_8.21.23_P1_B,7.27.23,8.21.23,891,Three,HET,Male,P1,B,,,Striatum_2,2,1192544.0,126.18,0,255,150474763.0,150474763,61.924,64.256,76627668.344
7.27.23_8.21.23_P1_B,7.27.23,8.21.23,891,Three,HET,Male,P1,B,,,Background_1,3,187068.0,60.947,0,255,11401148.0,11401148,61.924,,
7.27.23_8.21.23_P1_B,7.27.23,8.21.23,891,Three,HET,Male,P1,B,,,Background_2,4,187068.0,73.327,0,255,13717218.0,13717218,61.924,,
7.27.23_8.21.23_P1_B,7.27.23,8.21.23,891,Three,HET,Male,P1,B,,,Background_3,5,187068.0,63.763,0,255,11928109.0,11928109,61.924,,
7.27.23_8.21.23_P1_B,7.27.23,8.21.23,891,Three,HET,Male,P1,B,,,Background_4,6,187068.0,49.659,0,255,9289665.0,9289665,61.924,,
7.27.23_8.21.23_P1_C,7.27.23,8.21.23,665,One,MUT,Female,P1,C,True,,Striatum_1,1,555306.0,144.575,0,255,80283396.0,80283396,68.484,76.091,42253819.896000005
7.27.23_8.21.23_P1_C,7.27.23,8.21.23,665,One,MUT,Female,P1,C,,,Striatum_2,2,835287.0,140.073,0,255,117000972.0,117000972,68.484,71.58900000000001,59797177.09200001
7.27.23_8.21.23_P1_C,7.27.23,8.21.23,665,One,MUT,Female,P1,C,,,Background_1,3,148608.0,66.657,0,255,9905779.0,9905779,68.484,,
7.27.23_8.21.23_P1_C,7.27.23,8.21.23,665,One,MUT,Female,P1,C,,,Background_2,4,148608.0,72.332,0,255,10749115.0,10749115,68.484,,
7.27.23_8.21.23_P1_C,7.27.23,8.21.23,665,One,MUT,Female,P1,C,,,Background_3,5,148608.0,67.078,0,255,9968344.0,9968344,68.484,,
7.27.23_8.21.23_P1_C,7.27.23,8.21.23,665,One,MUT,Female,P1,C,,,Background_4,6,148608.0,67.869,0,255,10085908.0,10085908,68.484,,
7.27.23_8.23.23_P1_D,7.27.23,8.23.23,665,One,MUT,Female,P1,D,True,,Striatum_1,1,1486584.0,88.906,0,255,132166196.0,132166196,45.82875,43.07725000000001,64037909.510000005
7.27.23_8.23.23_P1_D,7.27.23,8.23.23,665,One,MUT,Female,P1,D,,,Striatum_2,2,1187712.0,93.053,0,255,110519935.0,110519935,45.82875,47.22425,56088578.68
7.27.23_8.23.23_P1_D,7.27.23,8.23.23,665,One,MUT,Female,P1,D,,,Background_1,3,161148.0,44.249,0,255,7130608.0,7130608,45.82875,,
7.27.23_8.23.23_P1_D,7.27.23,8.23.23,665,One,MUT,Female,P1,D,,,Background_2,4,161148.0,41.69,0,216,6718326.0,6718326,45.82875,,
7.27.23_8.23.23_P1_D,7.27.23,8.23.23,665,One,MUT,Female,P1,D,,,Background_3,5,161148.0,46.67,0,255,7520702.0,7520702,45.82875,,
7.27.23_8.23.23_P1_D,7.27.23,8.23.23,665,One,MUT,Female,P1,D,,,Background_4,6,161148.0,50.706,0,255,8171208.0,8171208,45.82875,,
7.27.23_8.23.23_P1_E,7.27.23,8.23.23,663,One,WT,Female,P1,E,True,,Striatum_1,1,1276593.0,90.664,0,255,115740519.0,115740519,45.06725,45.59675,58207983.120749995
7.27.23_8.23.23_P1_E,7.27.23,8.23.23,663,One,WT,Female,P1,E,,,Striatum_2,2,1241253.0,105.499,0,255,130950332.0,130950332,45.06725,60.431749999999994,75010472.73574999
7.27.23_8.23.23_P1_E,7.27.23,8.23.23,663,One,WT,Female,P1,E,,,Background_1,3,167612.0,48.843,0,255,8186657.0,8186657,45.06725,,
7.27.23_8.23.23_P1_E,7.27.23,8.23.23,663,One,WT,Female,P1,E,,,Background_2,4,167612.0,39.727,0,255,6658744.0,6658744,45.06725,,
7.27.23_8.23.23_P1_E,7.27.23,8.23.23,663,One,WT,Female,P1,E,,,Background_3,5,167612.0,53.84,0,255,9024231.0,9024231,45.06725,,
7.27.23_8.23.23_P1_E,7.27.23,8.23.23,663,One,WT,Female,P1,E,,,Background_4,6,167612.0,37.859,0,255,6345695.0,6345695,45.06725,,
7.27.23_8.23.23_P1_F,7.27.23,8.23.23,663,One,WT,Female,P1,F,True,,Striatum_1,1,645960.0,148.151,0,255,95699830.0,95699830,57.90425,90.24675000000002,58296000.67
7.27.23_8.23.23_P1_F,7.27.23,8.23.23,663,One,WT,Female,P1,F,,,Striatum_2,2,711147.0,112.631,0,255,80097070.0,80097070,57.90425,54.72675,38918636.32525
7.27.23_8.23.23_P1_F,7.27.23,8.23.23,663,One,WT,Female,P1,F,,,Background_1,3,156948.0,57.709,0,255,9057264.0,9057264,57.90425,,
7.27.23_8.23.23_P1_F,7.27.23,8.23.23,663,One,WT,Female,P1,F,,,Background_2,4,156948.0,67.812,0,255,10642928.0,10642928,57.90425,,
7.27.23_8.23.23_P1_F,7.27.23,8.23.23,663,One,WT,Female,P1,F,,,Background_3,5,156948.0,55.147,0,255,8655287.0,8655287,57.90425,,
7.27.23_8.23.23_P1_F,7.27.23,8.23.23,663,One,WT,Female,P1,F,,,Background_4,6,156948.0,50.949,0,255,7996316.0,7996316,57.90425,,
7.27.23_8.23.23_P2_B,7.27.23,8.23.23,891,Three,HET,Male,P2,B,True,,Striatum_1,1,947706.0,122.954,0,255,116524032.0,116524032,57.852000000000004,65.10199999999999,61697344.488
7.27.23_8.23.23_P2_B,7.27.23,8.23.23,891,Three,HET,Male,P2,B,,,Striatum_2,2,1088493.0,138.833,0,255,151118906.0,151118906,57.852000000000004,80.981,88147408.96399999
7.27.23_8.23.23_P2_B,7.27.23,8.23.23,891,Three,HET,Male,P2,B,,,Background_1,3,156948.0,66.006,0,255,10359564.0,10359564,57.852000000000004,,
7.27.23_8.23.23_P2_B,7.27.23,8.23.23,891,Three,HET,Male,P2,B,,,Background_2,4,156948.0,55.859,0,255,8766918.0,8766918,57.852000000000004,,
7.27.23_8.23.23_P2_B,7.27.23,8.23.23,891,Three,HET,Male,P2,B,,,Background_3,5,156948.0,49.527,0,255,7773148.0,7773148,57.852000000000004,,
7.27.23_8.23.23_P2_B,7.27.23,8.23.23,891,Three,HET,Male,P2,B,,,Background_4,6,156948.0,60.016,0,255,9419357.0,9419357,57.852000000000004,,
7.27.23_8.23.23_P2_C,7.27.23,8.23.23,665,One,MUT,Female,P2,C,True,,Striatum_1,1,1545452.0,136.458,0,255,210888878.0,210888878,72.96424999999999,63.493750000000006,98126131.90900001
7.27.23_8.23.23_P2_C,7.27.23,8.23.23,665,One,MUT,Female,P2,C,,,Striatum_2,2,1254660.0,143.729,0,255,180330799.0,180330799,72.96424999999999,70.76475000000002,88785473.09500001
7.27.23_8.23.23_P2_C,7.27.23,8.23.23,665,One,MUT,Female,P2,C,,,Background_1,3,146560.0,61.299,0,255,8984050.0,8984050,72.96424999999999,,
7.27.23_8.23.23_P2_C,7.27.23,8.23.23,665,One,MUT,Female,P2,C,,,Background_2,4,146560.0,102.649,0,255,15044289.0,15044289,72.96424999999999,,
7.27.23_8.23.23_P2_C,7.27.23,8.23.23,665,One,MUT,Female,P2,C,,,Background_3,5,146560.0,60.385,0,255,8850018.0,8850018,72.96424999999999,,
7.27.23_8.23.23_P2_C,7.27.23,8.23.23,665,One,MUT,Female,P2,C,,,Background_4,6,146560.0,67.524,0,255,9896248.0,9896248,72.96424999999999,,
7.31.23_8.24.23_P1_A,7.31.23,8.24.23,962,Three,WT,Female,P1,A,True,,Striatum_1,1,1305690.0,77.785,0,255,101562831.0,101562831,23.34775,54.43724999999999,71077907.3025
7.31.23_8.24.23_P1_A,7.31.23,8.24.23,962,Three,WT,Female,P1,A,,,Striatum_2,2,1095063.0,68.441,0,255,74947201.0,74947201,23.34775,45.09325,49379943.841749996
7.31.23_8.24.23_P1_A,7.31.23,8.24.23,962,Three,WT,Female,P1,A,,,Background_1,3,163316.0,27.108,0,193,4427234.0,4427234,23.34775,,
7.31.23_8.24.23_P1_A,7.31.23,8.24.23,962,Three,WT,Female,P1,A,,,Background_2,4,163316.0,25.154,0,128,4108106.0,4108106,23.34775,,
7.31.23_8.24.23_P1_A,7.31.23,8.24.23,962,Three,WT,Female,P1,A,,,Background_3,5,163316.0,27.374,0,255,4470579.0,4470579,23.34775,,
7.31.23_8.24.23_P1_A,7.31.23,8.24.23,962,Three,WT,Female,P1,A,,,Background_4,6,163316.0,13.755,0,183,2246383.0,2246383,23.34775,,
7.31.23_8.24.23_P1_B,7.31.23,8.24.23,962,Three,WT,Female,P1,B,True,,Striatum_1,1,882156.0,105.106,0,255,92719635.0,92719635,32.010000000000005,73.09599999999999,64481821.44
7.31.23_8.24.23_P1_B,7.31.23,8.24.23,962,Three,WT,Female,P1,B,,,Striatum_2,2,979857.0,93.957,0,255,92064232.0,92064232,32.010000000000005,61.94699999999999,60699009.42999999
7.31.23_8.24.23_P1_B,7.31.23,8.24.23,962,Three,WT,Female,P1,B,,,Background_1,3,161148.0,32.206,0,255,5189937.0,5189937,32.010000000000005,,
7.31.23_8.24.23_P1_B,7.31.23,8.24.23,962,Three,WT,Female,P1,B,,,Background_2,4,161148.0,37.92,0,255,6110728.0,6110728,32.010000000000005,,
7.31.23_8.24.23_P1_B,7.31.23,8.24.23,962,Three,WT,Female,P1,B,,,Background_3,5,161148.0,25.331,0,143,4082043.0,4082043,32.010000000000005,,
7.31.23_8.24.23_P1_B,7.31.23,8.24.23,962,Three,WT,Female,P1,B,,,Background_4,6,161148.0,32.583,0,184,5250649.0,5250649,32.010000000000005,,
7.31.23_8.24.23_P1_C,7.31.23,8.24.23,667,One,MUT,Female,P1,C,True,,Striatum_1,1,1719312.0,127.407,0,255,219052454.0,219052454,37.110749999999996,90.29625,155247496.196
7.31.23_8.24.23_P1_C,7.31.23,8.24.23,667,One,MUT,Female,P1,C,,,Striatum_2,2,1312992.0,113.456,0,255,148967027.0,148967027,37.110749999999996,76.34525000000001,100240909.136
7.31.23_8.24.23_P1_C,7.31.23,8.24.23,667,One,MUT,Female,P1,C,,,Background_1,3,222220.0,38.357,0,255,8523797.0,8523797,37.110749999999996,,
7.31.23_8.24.23_P1_C,7.31.23,8.24.23,667,One,MUT,Female,P1,C,,,Background_2,4,222220.0,38.529,0,255,8561831.0,8561831,37.110749999999996,,
7.31.23_8.24.23_P1_C,7.31.23,8.24.23,667,One,MUT,Female,P1,C,,,Background_3,5,222220.0,35.684,0,255,7929758.0,7929758,37.110749999999996,,
7.31.23_8.24.23_P1_C,7.31.23,8.24.23,667,One,MUT,Female,P1,C,,,Background_4,6,222220.0,35.873,0,255,7971778.0,7971778,37.110749999999996,,
7.27.23_8.24.23_P2_D,7.27.23,8.24.23,665,One,MUT,Female,P2,D,True,,Striatum_1,1,872211.0,104.074,0,255,90774117.0,90774117,61.3765,42.6975,37240858.5585
7.27.23_8.24.23_P2_D,7.27.23,8.24.23,665,One,MUT,Female,P2,D,,,Striatum_2,2,915231.0,114.706,0,255,104982200.0,104982200,61.3765,53.3295,48808524.5285
7.27.23_8.24.23_P2_D,7.27.23,8.24.23,665,One,MUT,Female,P2,D,,,Background_1,3,159068.0,47.713,0,235,7589638.0,7589638,61.3765,,
7.27.23_8.24.23_P2_D,7.27.23,8.24.23,665,One,MUT,Female,P2,D,,,Background_2,4,159068.0,68.919,0,255,10962731.0,10962731,61.3765,,
7.27.23_8.24.23_P2_D,7.27.23,8.24.23,665,One,MUT,Female,P2,D,,,Background_3,5,159068.0,75.852,0,255,12065598.0,12065598,61.3765,,
7.27.23_8.24.23_P2_D,7.27.23,8.24.23,665,One,MUT,Female,P2,D,,,Background_4,6,159068.0,53.022,0,255,8434148.0,8434148,61.3765,,
7.27.23_8.24.23_P2_E,7.27.23,8.24.23,663,One,WT,Female,P2,E,True,,Striatum_1,1,795429.0,104.725,0,255,83301252.0,83301252,66.21,38.515,30635897.910000004
7.27.23_8.24.23_P2_E,7.27.23,8.24.23,663,One,WT,Female,P2,E,,,Background_1,2,114036.0,63.446,0,255,7235162.0,7235162,66.21,,
7.27.23_8.24.23_P2_E,7.27.23,8.24.23,663,One,WT,Female,P2,E,,,Background_2,3,114036.0,62.223,0,255,7095719.0,7095719,66.21,,
7.27.23_8.24.23_P2_E,7.27.23,8.24.23,663,One,WT,Female,P2,E,,,Background_3,4,114036.0,73.589,0,255,8391761.0,8391761,66.21,,
7.27.23_8.24.23_P2_E,7.27.23,8.24.23,663,One,WT,Female,P2,E,,,Background_4,5,114036.0,65.582,0,255,7478748.0,7478748,66.21,,
7.27.23_8.24.23_P2_F,7.27.23,8.24.23,663,One,WT,Female,P2,F,True,,Striatum_1,1,1515444.0,131.029,0,255,198567032.0,198567032,59.744749999999996,71.28425,108027209.081
7.27.23_8.24.23_P2_F,7.27.23,8.24.23,663,One,WT,Female,P2,F,,,Striatum_2,2,1387650.0,150.761,0,255,209203594.0,209203594,59.744749999999996,91.01625,126298791.66250001
7.27.23_8.24.23_P2_F,7.27.23,8.24.23,663,One,WT,Female,P2,F,,,Background_1,3,148548.0,56.128,0,255,8337637.0,8337637,59.744749999999996,,
7.27.23_8.24.23_P2_F,7.27.23,8.24.23,663,One,WT,Female,P2,F,,,Background_2,4,148548.0,58.979,0,255,8761160.0,8761160,59.744749999999996,,
7.27.23_8.24.23_P2_F,7.27.23,8.24.23,663,One,WT,Female,P2,F,,,Background_3,5,148548.0,57.361,0,255,8520865.0,8520865,59.744749999999996,,
7.27.23_8.24.23_P2_F,7.27.23,8.24.23,663,One,WT,Female,P2,F,,,Background_4,6,148548.0,66.511,0,255,9880047.0,9880047,59.744749999999996,,
7.31.23_8.25.23_P1_D,7.31.23,8.25.23,667,One,MUT,Female,P1,D,True,,Striatum_1,1,1688247.0,136.004,0,255,229608622.0,229608622,35.941500000000005,100.06249999999999,168930492.4495
7.31.23_8.25.23_P1_D,7.31.23,8.25.23,667,One,MUT,Female,P1,D,,,Striatum_2,2,966921.0,114.49,0,255,110703002.0,110703002,35.941500000000005,78.54849999999999,75950410.87849998
7.31.23_8.25.23_P1_D,7.31.23,8.25.23,667,One,MUT,Female,P1,D,,,Background_1,3,148608.0,34.694,0,255,5155820.0,5155820,35.941500000000005,,
7.31.23_8.25.23_P1_D,7.31.23,8.25.23,667,One,MUT,Female,P1,D,,,Background_2,4,148608.0,40.711,0,255,6049959.0,6049959,35.941500000000005,,
7.31.23_8.25.23_P1_D,7.31.23,8.25.23,667,One,MUT,Female,P1,D,,,Background_3,5,148608.0,36.465,0,255,5418956.0,5418956,35.941500000000005,,
7.31.23_8.25.23_P1_D,7.31.23,8.25.23,667,One,MUT,Female,P1,D,,,Background_4,6,148608.0,31.896,0,255,4740013.0,4740013,35.941500000000005,,
7.31.23_8.25.23_P1_E,7.31.23,8.25.23,536,One,HET,Male,P1,E,True,,Striatum_1,1,964875.0,102.364,0,255,98768171.0,98768171,35.289,67.075,64718697.125
7.31.23_8.25.23_P1_E,7.31.23,8.25.23,536,One,HET,Male,P1,E,,,Striatum_2,2,1049874.0,99.626,0,255,104594760.0,104594760,35.289,64.337,67545756.414
7.31.23_8.25.23_P1_E,7.31.23,8.25.23,536,One,HET,Male,P1,E,,,Background_1,3,156948.0,32.556,0,255,5109591.0,5109591,35.289,,
7.31.23_8.25.23_P1_E,7.31.23,8.25.23,536,One,HET,Male,P1,E,,,Background_2,4,156948.0,39.153,0,255,6144992.0,6144992,35.289,,
7.31.23_8.25.23_P1_E,7.31.23,8.25.23,536,One,HET,Male,P1,E,,,Background_3,5,156948.0,40.024,0,255,6281749.0,6281749,35.289,,
7.31.23_8.25.23_P1_E,7.31.23,8.25.23,536,One,HET,Male,P1,E,,,Background_4,6,156948.0,29.423,0,255,4617829.0,4617829,35.289,,
7.31.23_8.25.23_P1_F,7.31.23,8.25.23,536,One,HET,Male,P1,F,True,,Striatum_1,1,906753.0,107.051,0,255,97068722.0,97068722,36.3285,70.7225,64127745.63950001
7.31.23_8.25.23_P1_F,7.31.23,8.25.23,536,One,HET,Male,P1,F,,,Striatum_2,2,811341.0,93.705,0,255,76026798.0,76026798,36.3285,57.3765,46551996.4815
7.31.23_8.25.23_P1_F,7.31.23,8.25.23,536,One,HET,Male,P1,F,,,Background_1,3,117636.0,31.985,0,255,3762536.0,3762536,36.3285,,
7.31.23_8.25.23_P1_F,7.31.23,8.25.23,536,One,HET,Male,P1,F,,,Background_2,4,117636.0,48.215,0,255,5671794.0,5671794,36.3285,,
7.31.23_8.25.23_P1_F,7.31.23,8.25.23,536,One,HET,Male,P1,F,,,Background_3,5,117636.0,33.747,0,255,3969855.0,3969855,36.3285,,
7.31.23_8.25.23_P1_F,7.31.23,8.25.23,536,One,HET,Male,P1,F,,,Background_4,6,117636.0,31.367,0,255,3689887.0,3689887,36.3285,,
7.31.23_8.25.23_P2_A,7.31.23,8.25.23,962,Three,WT,Female,P2,A,True,,Striatum_1,1,822132.0,82.877,0,255,68135657.0,68135657,42.84725,40.02974999999999,32909561.662999995
7.31.23_8.25.23_P2_A,7.31.23,8.25.23,962,Three,WT,Female,P2,A,,,Striatum_2,2,893622.0,84.86,0,255,75832563.0,75832563,42.84725,42.01275,37543317.7605
7.31.23_8.25.23_P2_A,7.31.23,8.25.23,962,Three,WT,Female,P2,A,,,Background_1,3,150568.0,40.701,0,255,6128243.0,6128243,42.84725,,
7.31.23_8.25.23_P2_A,7.31.23,8.25.23,962,Three,WT,Female,P2,A,,,Background_2,4,150568.0,41.266,0,255,6213286.0,6213286,42.84725,,
7.31.23_8.25.23_P2_A,7.31.23,8.25.23,962,Three,WT,Female,P2,A,,,Background_3,5,150568.0,47.083,0,255,7089199.0,7089199,42.84725,,
7.31.23_8.25.23_P2_A,7.31.23,8.25.23,962,Three,WT,Female,P2,A,,,Background_4,6,150568.0,42.339,0,255,6374828.0,6374828,42.84725,,
7.31.23_8.25.23_P2_B,7.31.23,8.25.23,962,Three,WT,Female,P2,B,True,,Striatum_1,1,965798.0,156.921,0,255,151554282.0,151554282,58.244,98.67699999999999,95302343.288
7.31.23_8.25.23_P2_B,7.31.23,8.25.23,962,Three,WT,Female,P2,B,,,Striatum_2,2,923450.0,149.875,0,255,138401608.0,138401608,58.244,91.631,84616186.2
7.31.23_8.25.23_P2_B,7.31.23,8.25.23,962,Three,WT,Female,P2,B,,,Background_1,3,86556.0,58.792,0,255,5088837.0,5088837,58.244,,
7.31.23_8.25.23_P2_B,7.31.23,8.25.23,962,Three,WT,Female,P2,B,,,Background_2,4,86556.0,61.463,0,255,5320004.0,5320004,58.244,,
7.31.23_8.25.23_P2_B,7.31.23,8.25.23,962,Three,WT,Female,P2,B,,,Background_3,5,86556.0,61.961,0,255,5363106.0,5363106,58.244,,
7.31.23_8.25.23_P2_B,7.31.23,8.25.23,962,Three,WT,Female,P2,B,,,Background_4,6,86556.0,50.76,0,225,4393570.0,4393570,58.244,,
7.31.23_8.29.23_P2_C,7.31.23,8.29.23,667,One,MUT,Female,P2,C,True,really bad image,Striatum_1,1,1143303.0,167.34,0,255,191320620.0,191320620,54.7125,112.6275,128767654.61250001
7.31.23_8.29.23_P2_C,7.31.23,8.29.23,667,One,MUT,Female,P2,C,,uneven hemispheres,Striatum_2,2,580623.0,147.567,0,255,85680778.0,85680778,54.7125,92.8545,53913442.1125
7.31.23_8.29.23_P2_C,7.31.23,8.29.23,667,One,MUT,Female,P2,C,,,Background_1,3,126912.0,53.868,0,255,6836438.0,6836438,54.7125,,
7.31.23_8.29.23_P2_C,7.31.23,8.29.23,667,One,MUT,Female,P2,C,,,Background_2,4,126912.0,43.971,0,255,5580430.0,5580430,54.7125,,
7.31.23_8.29.23_P2_C,7.31.23,8.29.23,667,One,MUT,Female,P2,C,,,Background_3,5,126912.0,62.788,0,255,7968596.0,7968596,54.7125,,
7.31.23_8.29.23_P2_C,7.31.23,8.29.23,667,One,MUT,Female,P2,C,,,Background_4,6,126912.0,58.223,0,255,7389254.0,7389254,54.7125,,
7.31.23_8.29.23_P2_D,7.31.23,8.29.23,667,One,MUT,Female,P2,D,True,,Striatum_1,1,473028.0,66.408,0,255,31412781.0,31412781,40.73975,25.66825,12141738.537
7.31.23_8.29.23_P2_D,7.31.23,8.29.23,667,One,MUT,Female,P2,D,,,Striatum_2,2,769420.0,115.699,0,255,89020956.0,89020956,40.73975,74.95925,57674977.555
7.31.23_8.29.23_P2_D,7.31.23,8.29.23,667,One,MUT,Female,P2,D,,,Background_1,3,180912.0,36.762,0,255,6650641.0,6650641,40.73975,,
7.31.23_8.29.23_P2_D,7.31.23,8.29.23,667,One,MUT,Female,P2,D,,,Background_2,4,180912.0,42.331,0,255,7658163.0,7658163,40.73975,,
7.31.23_8.29.23_P2_D,7.31.23,8.29.23,667,One,MUT,Female,P2,D,,,Background_3,5,180912.0,51.605,0,255,9335924.0,9335924,40.73975,,
7.31.23_8.29.23_P2_D,7.31.23,8.29.23,667,One,MUT,Female,P2,D,,,Background_4,6,180912.0,32.261,0,255,5836415.0,5836415,40.73975,,
7.31.23_8.29.23_P2_E,7.31.23,8.29.23,536,One,HET,Male,P2,E,True,,Striatum_1,1,1256184.0,77.778,0,255,97704078.0,97704078,24.78575,52.992250000000006,66568615.422
7.31.23_8.29.23_P2_E,7.31.23,8.29.23,536,One,HET,Male,P2,E,,,Striatum_2,2,1455128.0,64.388,0,255,93692488.0,93692488,24.78575,39.602250000000005,57626049.174
7.31.23_8.29.23_P2_E,7.31.23,8.29.23,536,One,HET,Male,P2,E,,,Background_1,3,187000.0,28.416,0,255,5313772.0,5313772,24.78575,,
7.31.23_8.29.23_P2_E,7.31.23,8.29.23,536,One,HET,Male,P2,E,,,Background_2,4,187000.0,14.708,0,255,2750398.0,2750398,24.78575,,
7.31.23_8.29.23_P2_E,7.31.23,8.29.23,536,One,HET,Male,P2,E,,,Background_3,5,187000.0,26.861,0,255,5023039.0,5023039,24.78575,,
7.31.23_8.29.23_P2_E,7.31.23,8.29.23,536,One,HET,Male,P2,E,,,Background_4,6,187000.0,29.158,0,255,5452547.0,5452547,24.78575,,
7.31.23_8.29.23_P2_F,7.31.23,8.29.23,536,One,HET,Male,P2,F,True,,Striatum_1,1,1199208.0,80.342,0,255,96346924.0,96346924,28.66975,51.67225,61965930.442
7.31.23_8.29.23_P2_F,7.31.23,8.29.23,536,One,HET,Male,P2,F,,,Striatum_2,2,1184889.0,75.302,0,255,89224391.0,89224391,28.66975,46.632250000000006,55253919.59225
7.31.23_8.29.23_P2_F,7.31.23,8.29.23,536,One,HET,Male,P2,F,,,Background_1,3,123148.0,34.445,0,241,4241815.0,4241815,28.66975,,
7.31.23_8.29.23_P2_F,7.31.23,8.29.23,536,One,HET,Male,P2,F,,,Background_2,4,123148.0,36.938,0,255,4548801.0,4548801,28.66975,,
7.31.23_8.29.23_P2_F,7.31.23,8.29.23,536,One,HET,Male,P2,F,,,Background_3,5,123148.0,21.775,0,255,2681526.0,2681526,28.66975,,
7.31.23_8.29.23_P2_F,7.31.23,8.29.23,536,One,HET,Male,P2,F,,,Background_4,6,123148.0,21.521,0,153,2650291.0,2650291,28.66975,,
8.14.23_8.30.23_P1_B,8.14.23,8.30.23,719,One,HET,Female,P1,B,True,,Striatum_1,1,1151336.0,89.181,0,255,102677287.0,102677287,24.65625,64.52475,74289658.75
8.14.23_8.30.23_P1_B,8.14.23,8.30.23,719,One,HET,Female,P1,B,,,Background_1,2,97296.0,24.09,0,124,2343904.0,2343904,24.65625,,
8.14.23_8.30.23_P1_B,8.14.23,8.30.23,719,One,HET,Female,P1,B,,,Background_2,3,97296.0,31.286,0,255,3044040.0,3044040,24.65625,,
8.14.23_8.30.23_P1_B,8.14.23,8.30.23,719,One,HET,Female,P1,B,,,Background_3,4,97296.0,24.673,0,255,2400580.0,2400580,24.65625,,
8.14.23_8.30.23_P1_B,8.14.23,8.30.23,719,One,HET,Female,P1,B,,,Background_4,5,97296.0,18.576,0,255,1807418.0,1807418,24.65625,,
8.14.23_8.30.23_P1_D,8.14.23,8.30.23,43/899,Three,MUT,Male,P1,D,True,,Striatum_1,1,1456104.0,125.051,0,255,182086646.0,182086646,32.8595,92.1915,134239796.612
8.14.23_8.30.23_P1_D,8.14.23,8.30.23,43/899,Three,MUT,Male,P1,D,,,Striatum_2,2,1382289.0,117.347,0,255,162207144.0,162207144,32.8595,84.4875,116785818.6045
8.14.23_8.30.23_P1_D,8.14.23,8.30.23,43/899,Three,MUT,Male,P1,D,,,Background_1,3,138528.0,31.054,0,255,4301800.0,4301800,32.8595,,
8.14.23_8.30.23_P1_D,8.14.23,8.30.23,43/899,Three,MUT,Male,P1,D,,,Background_2,4,138528.0,34.285,0,255,4749394.0,4749394,32.8595,,
8.14.23_8.30.23_P1_D,8.14.23,8.30.23,43/899,Three,MUT,Male,P1,D,,,Background_3,5,138528.0,33.484,0,255,4638520.0,4638520,32.8595,,
8.14.23_8.30.23_P1_D,8.14.23,8.30.23,43/899,Three,MUT,Male,P1,D,,,Background_4,6,138528.0,32.615,0,255,4518110.0,4518110,32.8595,,
8.14.23_8.30.23_P1_E,8.14.23,8.30.23,924,One,WT,Male,P1,E,True,really bad image,Striatum_1,1,1571032.0,116.904,0,255,183660199.0,183660199,19.607499999999998,97.2965,152856189.06
8.14.23_8.30.23_P1_E,8.14.23,8.30.23,924,One,WT,Male,P1,E,,,Striatum_2,2,1476360.0,93.227,0,255,137636638.0,137636638,19.607499999999998,73.6195,108688909.30000001
8.14.23_8.30.23_P1_E,8.14.23,8.30.23,924,One,WT,Male,P1,E,,,Background_1,3,167652.0,19.461,0,255,3262740.0,3262740,19.607499999999998,,
8.14.23_8.30.23_P1_E,8.14.23,8.30.23,924,One,WT,Male,P1,E,,,Background_2,4,167652.0,26.958,0,255,4519627.0,4519627,19.607499999999998,,
8.14.23_8.30.23_P1_E,8.14.23,8.30.23,924,One,WT,Male,P1,E,,,Background_3,5,167652.0,13.558,0,255,2273007.0,2273007,19.607499999999998,,
8.14.23_8.30.23_P1_E,8.14.23,8.30.23,924,One,WT,Male,P1,E,,,Background_4,6,167652.0,18.453,0,151,3093718.0,3093718,19.607499999999998,,
8.14.23_8.30.23_P1_F,8.14.23,8.30.23,924,One,WT,Male,P1,F,True,,Striatum_1,1,750342.0,86.213,0,255,64689286.0,64689286,32.3045,53.9085,40449862.861
8.14.23_8.30.23_P1_F,8.14.23,8.30.23,924,One,WT,Male,P1,F,,,Striatum_2,2,768717.0,94.274,0,255,72470005.0,72470005,32.3045,61.969500000000004,47636986.6735
8.14.23_8.30.23_P1_F,8.14.23,8.30.23,924,One,WT,Male,P1,F,,,Background_1,3,171988.0,26.395,0,255,4539650.0,4539650,32.3045,,
8.14.23_8.30.23_P1_F,8.14.23,8.30.23,924,One,WT,Male,P1,F,,,Background_2,4,171988.0,32.583,0,255,5603826.0,5603826,32.3045,,
8.14.23_8.30.23_P1_F,8.14.23,8.30.23,924,One,WT,Male,P1,F,,,Background_3,5,171988.0,33.671,0,255,5791093.0,5791093,32.3045,,
8.14.23_8.30.23_P1_F,8.14.23,8.30.23,924,One,WT,Male,P1,F,,,Background_4,6,171988.0,36.569,0,255,6289462.0,6289462,32.3045,,
8.16.23_9.10.23_P1_A,8.16.23,9.10.23,835,Two,MUT,Female,P1,A,True,,Background_1,1,20060.0,53.884,1,218,1080920.0,1080920,44.6235,,
8.16.23_9.10.23_P1_A,8.16.23,9.10.23,835,Two,MUT,Female,P1,A,,,Background_2,2,20060.0,40.131,0,178,805035.0,805035,44.6235,,
8.16.23_9.10.23_P1_A,8.16.23,9.10.23,835,Two,MUT,Female,P1,A,,,Background_3,3,20060.0,47.1,0,181,944832.0,944832,44.6235,,
8.16.23_9.10.23_P1_A,8.16.23,9.10.23,835,Two,MUT,Female,P1,A,,,Background_4,4,20060.0,37.379,0,255,749820.0,749820,44.6235,,
8.16.23_9.10.23_P1_A,8.16.23,9.10.23,835,Two,MUT,Female,P1,A,,,Striatum 1,5,1365612.0,183.825,0,255,251033848.0,251033848,44.6235,,
8.16.23_9.10.23_P1_A,8.16.23,9.10.23,835,Two,MUT,Female,P1,A,,,Striatum 2,6,1557652.0,112.964,0,255,175958391.0,175958391,44.6235,,
8.14.23_9.10.23_P1_C,8.14.23,9.10.23,43/899,Three,MUT,Male,P1,C,True,,Background_1,1,8172.0,22.245,0,92,181785.0,181785,25.312,,
8.14.23_9.10.23_P1_C,8.14.23,9.10.23,43/899,Three,MUT,Male,P1,C,,,Background_2,2,8172.0,27.446,0,220,224289.0,224289,25.312,,
8.14.23_9.10.23_P1_C,8.14.23,9.10.23,43/899,Three,MUT,Male,P1,C,,,Background_3,3,8172.0,24.464,0,98,199923.0,199923,25.312,,
8.14.23_9.10.23_P1_C,8.14.23,9.10.23,43/899,Three,MUT,Male,P1,C,,,Background_4,4,8172.0,27.093,0,213,221401.0,221401,25.312,,
8.14.23_9.10.23_P1_C,8.14.23,9.10.23,43/899,Three,MUT,Male,P1,C,,,Striatum 1,5,1120632.0,98.625,0,255,110522476.0,110522476,25.312,,
8.14.23_9.10.23_P1_C,8.14.23,9.10.23,43/899,Three,MUT,Male,P1,C,,,Striatum 2,6,1329304.0,98.627,0,255,131105527.0,131105527,25.312,,
8.14.23_9.10.23_P2_A,8.14.23,9.10.23,719,One,HET,Female,P2,A,True,,Background_1,1,8604.0,54.866,0,255,472067.0,472067,49.051,,
8.14.23_9.10.23_P2_A,8.14.23,9.10.23,719,One,HET,Female,P2,A,,,Background_2,2,8604.0,55.549,0,185,477942.0,477942,49.051,,
8.14.23_9.10.23_P2_A,8.14.23,9.10.23,719,One,HET,Female,P2,A,,,Background_3,3,8604.0,37.797,0,175,325207.0,325207,49.051,,
8.14.23_9.10.23_P2_A,8.14.23,9.10.23,719,One,HET,Female,P2,A,,,Background_4,4,8604.0,47.992,0,217,412926.0,412926,49.051,,
8.14.23_9.10.23_P2_A,8.14.23,9.10.23,719,One,HET,Female,P2,A,,,Striatum_1,5,1004457.0,128.174,0,255,128745200.0,128745200,49.051,79.123,79475579.69299999
8.14.23_9.10.23_P2_A,8.14.23,9.10.23,719,One,HET,Female,P2,A,,,Striatum_2,6,1427178.0,164.978,0,255,235453272.0,235453272,49.051,115.927,165448763.922
8.14.23_9.10.23_P2_B,8.14.23,9.10.23,719,One,HET,Female,P2,B,True,,Background_1,1,10184.0,44.349,0,255,451653.0,451653,42.83475,,
8.14.23_9.10.23_P2_B,8.14.23,9.10.23,719,One,HET,Female,P2,B,,,Background_2,2,10184.0,51.521,0,225,524687.0,524687,42.83475,,
8.14.23_9.10.23_P2_B,8.14.23,9.10.23,719,One,HET,Female,P2,B,,,Background_3,3,10184.0,41.41,0,255,421720.0,421720,42.83475,,
8.14.23_9.10.23_P2_B,8.14.23,9.10.23,719,One,HET,Female,P2,B,,,Background_4,4,10184.0,34.059,0,164,346861.0,346861,42.83475,,
8.14.23_9.10.23_P2_B,8.14.23,9.10.23,719,One,HET,Female,P2,B,,,Striatum_1,5,1683846.0,151.67,0,255,255388392.0,255388392,42.83475,108.83524999999999,183261269.55150002
8.14.23_9.10.23_P2_B,8.14.23,9.10.23,719,One,HET,Female,P2,B,,,Striatum_2,6,864885.0,145.39,0,255,125745229.0,125745229,42.83475,102.55524999999999,88698096.24625
8.14.23_9.10.23_P2_C,8.14.23,9.10.23,43/899,Three,MUT,Male,P2,C,True,,Background_1,1,15616.0,68.321,0,255,1066897.0,1066897,69.86525,,
8.14.23_9.10.23_P2_C,8.14.23,9.10.23,43/899,Three,MUT,Male,P2,C,,,Background_2,2,15616.0,69.713,0,255,1088639.0,1088639,69.86525,,
8.14.23_9.10.23_P2_C,8.14.23,9.10.23,43/899,Three,MUT,Male,P2,C,,,Background_3,3,15616.0,74.385,0,255,1161596.0,1161596,69.86525,,
8.14.23_9.10.23_P2_C,8.14.23,9.10.23,43/899,Three,MUT,Male,P2,C,,,Background_4,4,15616.0,67.042,0,255,1046925.0,1046925,69.86525,,
8.14.23_9.10.23_P2_C,8.14.23,9.10.23,43/899,Three,MUT,Male,P2,C,,,Striatum_1,5,781011.0,149.428,0,255,116705250.0,116705250,69.86525,79.56275,62139721.23225
8.14.23_9.10.23_P2_C,8.14.23,9.10.23,43/899,Three,MUT,Male,P2,C,,,Striatum_2,6,847803.0,154.532,0,255,131012878.0,131012878,69.86525,84.66675000000001,71780909.45425001
8.14.23_9.10.23_P2_D,8.14.23,9.10.23,43/899,Three,MUT,Male,P2,D,True,,Background_1,1,11204.0,49.579,0,197,555482.0,555482,54.947250000000004,,
8.14.23_9.10.23_P2_D,8.14.23,9.10.23,43/899,Three,MUT,Male,P2,D,,,Background_2,2,11204.0,50.905,0,255,570340.0,570340,54.947250000000004,,
8.14.23_9.10.23_P2_D,8.14.23,9.10.23,43/899,Three,MUT,Male,P2,D,,,Background_3,3,11204.0,47.182,0,173,528626.0,528626,54.947250000000004,,
8.14.23_9.10.23_P2_D,8.14.23,9.10.23,43/899,Three,MUT,Male,P2,D,,,Background_4,4,11204.0,72.123,3,255,808068.0,808068,54.947250000000004,,
8.14.23_9.10.23_P2_D,8.14.23,9.10.23,43/899,Three,MUT,Male,P2,D,,missing rabbit,Striatum_1,5,1471278.0,143.257,0,255,210770264.0,210770264,54.947250000000004,88.30975000000001,129927583.9145
8.14.23_9.10.23_P2_D,8.14.23,9.10.23,43/899,Three,MUT,Male,P2,D,,missing rabbit,Striatum_2,6,1614666.0,130.382,0,255,210524026.0,210524026,54.947250000000004,75.43475000000001,121802569.63149999
8.14.23_9.10.23_P2_E,8.14.23,9.10.23,924,One,WT,Male,P2,E,True,,Background_1,1,12368.0,33.441,0,176,413597.0,413597,33.585750000000004,,
8.14.23_9.10.23_P2_E,8.14.23,9.10.23,924,One,WT,Male,P2,E,,,Background_2,2,12368.0,34.985,0,159,432697.0,432697,33.585750000000004,,
8.14.23_9.10.23_P2_E,8.14.23,9.10.23,924,One,WT,Male,P2,E,,,Background_3,3,12368.0,29.353,0,121,363044.0,363044,33.585750000000004,,
8.14.23_9.10.23_P2_E,8.14.23,9.10.23,924,One,WT,Male,P2,E,,,Background_4,4,12368.0,36.564,0,155,452219.0,452219,33.585750000000004,,
8.14.23_9.10.23_P2_E,8.14.23,9.10.23,924,One,WT,Male,P2,E,,little fold that i traced around,Striatum_1,5,13756846.0,12.083,0,255,166228838.0,166228838,33.585750000000004,-21.502750000000006,-295805152.54450005
8.14.23_9.10.23_P2_E,8.14.23,9.10.23,924,One,WT,Male,P2,E,,,Striatum_2,6,1955226.0,122.657,0,255,239822121.0,239822121,33.585750000000004,89.07124999999999,174154389.3705
8.14.23_9.10.23_P2_F,8.14.23,9.10.23,924,One,WT,Male,P2,F,True,,Background_1,1,13004.0,40.355,0,255,524770.0,524770,38.62175,,
8.14.23_9.10.23_P2_F,8.14.23,9.10.23,924,One,WT,Male,P2,F,,,Background_2,2,13004.0,36.446,0,141,473945.0,473945,38.62175,,
8.14.23_9.10.23_P2_F,8.14.23,9.10.23,924,One,WT,Male,P2,F,,,Background_3,3,13004.0,36.427,0,163,473696.0,473696,38.62175,,
8.14.23_9.10.23_P2_F,8.14.23,9.10.23,924,One,WT,Male,P2,F,,,Background_4,4,13004.0,41.259,1,157,536537.0,536537,38.62175,,
8.14.23_9.10.23_P2_F,8.14.23,9.10.23,924,One,WT,Male,P2,F,,,Striatum_1,5,1250916.0,87.542,0,255,109507983.0,109507983,38.62175,48.92025,61195417.977
8.14.23_9.10.23_P2_F,8.14.23,9.10.23,924,One,WT,Male,P2,F,,,Striatum_2,6,1319913.0,92.376,0,255,121928701.0,121928701,38.62175,53.754250000000006,70951351.09225
8.16.23_9.11.23_P1_B,8.16.23,9.11.23,835,Two,MUT,Female,P1,B,False,no stitch tif found but still opened it??? how strange,Background_1,1,34445.008,40.01,0,163,1378153.253,499808,44.5835,,
8.16.23_9.11.23_P1_B,8.16.23,9.11.23,835,Two,MUT,Female,P1,B,,,Background_2,2,34445.008,46.247,0,212,1592968.556,577714,44.5835,,
8.16.23_9.11.23_P1_B,8.16.23,9.11.23,835,Two,MUT,Female,P1,B,,,Background_3,3,34445.008,47.949,1,232,1651609.445,598981,44.5835,,
8.16.23_9.11.23_P1_B,8.16.23,9.11.23,835,Two,MUT,Female,P1,B,,,Background_4,4,34445.008,44.128,0,160,1519978.339,551243,44.5835,,
8.16.23_9.11.23_P1_B,8.16.23,9.11.23,835,Two,MUT,Female,P1,B,,,Striatum_1,5,3492917.353,133.901,0,255,467704705.0,169620144,44.5835,89.31750000000001,311978224.1925245
8.16.23_9.11.23_P1_B,8.16.23,9.11.23,835,Two,MUT,Female,P1,B,,,Striatum_2,6,2806746.99,119.484,0,255,335360610.2,121623568,44.5835,74.9005,210226005.77133498
8.16.23_9.11.23_P1_C,8.16.23,9.11.23,540,One,WT,Female,P1,C,,,Background_1,1,45116.0,28.729,0,137,1296142.0,1296142,32.3335,,
8.16.23_9.11.23_P1_C,8.16.23,9.11.23,540,One,WT,Female,P1,C,,,Background_2,2,45116.0,38.679,0,146,1745040.0,1745040,32.3335,,
8.16.23_9.11.23_P1_C,8.16.23,9.11.23,540,One,WT,Female,P1,C,,,Background_3,3,45116.0,31.536,0,147,1422780.0,1422780,32.3335,,
8.16.23_9.11.23_P1_C,8.16.23,9.11.23,540,One,WT,Female,P1,C,,,Background_4,4,45116.0,30.39,0,135,1371085.0,1371085,32.3335,,
8.16.23_9.11.23_P1_C,8.16.23,9.11.23,540,One,WT,Female,P1,C,,,Striatum_1,5,1579980.0,86.342,0,255,136418483.0,136418483,32.3335,54.0085,85332199.67
8.16.23_9.11.23_P1_C,8.16.23,9.11.23,540,One,WT,Female,P1,C,,,Striatum_2,6,1457750.0,87.44,0,255,127465863.0,127465863,32.3335,55.1065,80331703.375
8.16.23_9.11.23_P1_D,8.16.23,9.11.23,540,One,WT,Female,P1,D,,,Background_1,1,43272.0,30.432,0,187,1316847.0,1316847,28.08175,,
8.16.23_9.11.23_P1_D,8.16.23,9.11.23,540,One,WT,Female,P1,D,,,Background_2,2,43272.0,24.259,0,197,1049750.0,1049750,28.08175,,
8.16.23_9.11.23_P1_D,8.16.23,9.11.23,540,One,WT,Female,P1,D,,,Background_3,3,43272.0,25.145,0,119,1088088.0,1088088,28.08175,,
8.16.23_9.11.23_P1_D,8.16.23,9.11.23,540,One,WT,Female,P1,D,,,Background_4,4,43272.0,32.491,0,219,1405965.0,1405965,28.08175,,
8.16.23_9.11.23_P1_D,8.16.23,9.11.23,540,One,WT,Female,P1,D,,,Striatum_1,5,1290681.0,99.172,0,255,127999337.0,127999337,28.08175,71.09025,91754755.82824999
8.16.23_9.11.23_P1_D,8.16.23,9.11.23,540,One,WT,Female,P1,D,,,Striatum_2,6,1219514.0,115.259,0,255,140560167.0,140560167,28.08175,87.17725,106314079.7305
8.16.23_9.11.23_P1_E,8.16.23,9.11.23,872,Two,HET,Female,P1,E,,,Background_1,3,52024.0,41.983,0,212,2184099.0,2184099,42.67475,,
8.16.23_9.11.23_P1_E,8.16.23,9.11.23,872,Two,HET,Female,P1,E,,,Background_2,4,52024.0,43.071,0,255,2240708.0,2240708,42.67475,,
8.16.23_9.11.23_P1_E,8.16.23,9.11.23,872,Two,HET,Female,P1,E,,,Background_3,5,52024.0,45.0,0,217,2341057.0,2341057,42.67475,,
8.16.23_9.11.23_P1_E,8.16.23,9.11.23,872,Two,HET,Female,P1,E,,,Background_4,6,52024.0,40.645,0,255,2114536.0,2114536,42.67475,,
8.16.23_9.11.23_P1_E,8.16.23,9.11.23,872,Two,HET,Female,P1,E,,,Striatum_1,1,1042584.0,108.122,0,255,112726206.0,112726206,42.67475,65.44725,68234194.446
8.16.23_9.11.23_P1_E,8.16.23,9.11.23,872,Two,HET,Female,P1,E,,,Striatum_2,2,741468.0,102.931,0,255,76320186.0,76320186,42.67475,60.256249999999994,44678224.46699999
8.16.23_9.11.23_P1_F,8.16.23,9.11.23,872,Two,HET,Female,P1,F,,,Background_1,1,57516.0,55.624,0,255,3199248.0,3199248,47.1345,,
8.16.23_9.11.23_P1_F,8.16.23,9.11.23,872,Two,HET,Female,P1,F,,,Background_2,2,57516.0,44.652,0,212,2568195.0,2568195,47.1345,,
8.16.23_9.11.23_P1_F,8.16.23,9.11.23,872,Two,HET,Female,P1,F,,,Background_3,3,57516.0,55.111,0,245,3169780.0,3169780,47.1345,,
8.16.23_9.11.23_P1_F,8.16.23,9.11.23,872,Two,HET,Female,P1,F,,,Background_4,4,57516.0,33.151,0,216,1906705.0,1906705,47.1345,,
8.16.23_9.11.23_P1_F,8.16.23,9.11.23,872,Two,HET,Female,P1,F,,,Striatum_1,5,1160070.0,159.236,0,255,184724426.0,184724426,47.1345,112.10149999999999,130045106.585
